<?xml version="1.0" encoding="UTF-8"?>
<project-private xmlns="http://www.netbeans.org/ns/project-private/1">
    <editor-bookmarks xmlns="http://www.netbeans.org/ns/editor-bookmarks/2" lastBookmarkId="0"/>
    <open-files xmlns="http://www.netbeans.org/ns/projectui-open-files/2">
        <group>
            <file>file:/C:/Users/jjbrewer/Desktop/SOFT252-master/SOFT252-master/StockTracker/src/stocktracker/stockdatamodel/StockItem.java</file>
            <file>file:/C:/Users/jjbrewer/Desktop/SOFT252-master/SOFT252-master/StockTracker/src/stocktracker/StockTracker.java</file>
            <file>file:/C:/Users/jjbrewer/Desktop/SOFT252-master/SOFT252-master/StockTracker/src/stocktracker/stockdatamodel/PhysicalStockItem.java</file>
            <file>file:/C:/Users/jjbrewer/Desktop/SOFT252-master/SOFT252-master/StockTracker/src/stocktracker/stockdatamodel/ServiceStockItem.java</file>
        </group>
    </open-files>
</project-private>
